#identity	tANI	query_length
0.9787885656836505	0.08370426121174336	2414960
0.9998539775093722	0.0008256200469212208	2402275
0.9768514465408844	0.12094032699066191	2467899
0.9772540686922089	0.12159357689262412	2528086
0.9606123434622457	0.2249339186934168	2628783
0.9778599048913048	0.10764434356724359	2432358
0.977073346320349	0.09242601992028877	2492336
0.9816816341895537	0.09059074571511659	2454916
1.0	-0.0	2409602
0.9811680273609934	0.08731381822953753	2448764
0.9769536060329085	0.10777562916263925	2417178
0.9760695056867922	0.12925181253840454	2550350
0.9772738444244621	0.13485975592901797	2523206
0.9749529824561424	0.10099809104068304	2419432
0.9767188950749489	0.09703992873569883	2509550
0.981495092756188	0.09088846744199082	2462539
0.9807151710526383	0.10495510843426933	2509220
0.9759065595716215	0.09028991581696025	2426866
0.9763432341001368	0.0970845320418323	2417892
0.9776754199475126	0.09074368025257373	2487240
0.9781363357079285	0.09110081574773202	2438596
0.9776804234671413	0.1297309507683339	2558338
0.9791193037974703	0.08917158372567828	2406696
0.978177703132094	0.13444906398764347	2505870
0.9772152860915495	0.12913980681716	2561832
0.9779024200710539	0.09228982637126897	2445630
0.9762517283413197	0.09442795729552388	2456384
0.9807891399736777	0.08921860283217771	2452524
0.9811118536804347	0.0863845592034684	2414960
0.9779609013452922	0.10052950297690696	2402275
1.0	7.698886031968523e-06	2467899
0.9815923624161114	0.13283758757196154	2528086
0.9589947482678978	0.23083479996437922	2628783
0.9826212714156937	0.09701654826146512	2432358
0.9815512566607503	0.11315518489952342	2492336
0.9765802742230374	0.12862235261387758	2454916
0.9780459990896695	0.10116240013849827	2409602
0.979640728836582	0.11394090796330864	2448764
0.9794329739607163	0.10439323641140595	2417178
0.9802919217081895	0.14030218943062125	2550350
0.9854445965225196	0.11701159866290681	2523206
0.9806275656108645	0.09880579202676251	2419432
0.9815107397504496	0.12119234291595536	2509550
0.9763156438356185	0.12970447077720323	2462539
0.9735166247191046	0.1383767733548109	2509220
0.9803255330634313	0.09467878790473479	2426866
0.9820873420577659	0.0916421828838477	2417892
0.9805627402771611	0.10931468583615432	2487240
0.9810282074206549	0.0928481404283582	2438596
0.9843293080357187	0.1334767738788411	2558338
0.9860965500224338	0.07398730285029352	2406696
0.9799179946164218	0.12124342164348945	2505870
0.9810317075306543	0.12004192888849945	2561832
0.9808739077887227	0.09710306174117808	2445630
0.979724667839863	0.10043881460323813	2456384
0.9739034669068025	0.1195616479463089	2452524
0.9772026573741055	0.09315927536448647	2414960
0.9759908682238898	0.0845537605173152	2402275
0.9801047932414412	0.10851239433157074	2467899
0.9776969995561513	0.1285387003578912	2528086
0.9592804264099044	0.22279226810955996	2628783
0.9797523444544675	0.10062043918199647	2432358
0.9777617066783083	0.09862887165920033	2492336
0.9746211201445361	0.11916816168460281	2454916
0.9762563105924629	0.08859735371954687	2409602
0.9758839892183315	0.11074216044553117	2448764
0.9783208466090153	0.10323225983097385	2417178
0.9765156354810266	0.1366634556559063	2550350
0.9817907716324741	0.12108942896349834	2523206
0.978540571555165	0.08105258189012289	2419432
0.9765084396551736	0.10250860559003779	2509550
0.9742150809352534	0.11693493227116308	2462539
0.9723617858749465	0.1395111583322755	2509220
1.0	0.00010713979610835589	2426866
0.9811831277533094	0.06811220053320134	2417892
0.9765099201773867	0.1061053557982097	2487240
0.9771162640323335	0.10103239937440989	2438596
0.981075206971682	0.11422924241828328	2558338
0.9802773568872999	0.07802037191154085	2406696
0.9782790356016241	0.127367411256748	2505870
0.9783645883361953	0.10224210876528216	2561832
0.9773724123989247	0.10409529596018427	2445630
0.9757621947994725	0.10671124653270979	2456384
0.9724797714029632	0.11531245130378842	2452524
0.9780021520146562	0.10923596362281462	2414960
0.9774674183303119	0.11249523292262031	2402275
0.9787629080252499	0.12553554061567268	2467899
0.9789997070572597	0.12782304516542703	2528086
0.9596952704576992	0.23005266581827796	2628783
0.9833005215419544	0.1026709918006593	2432358
0.976758878801636	0.13917462976026732	2492336
0.976372376192644	0.12369059982494603	2454916
0.977154461821529	0.11304488761280629	2409602
0.9765553459409622	0.1355961451244919	2448764
1.0	-0.0	2417178
0.9780829850088223	0.1348885170491894	2550350
0.9786586553464933	0.15374507181318461	2523206
0.9773328668478306	0.10715610528116692	2419432
0.9765374535568669	0.14480762312715778	2509550
0.9765157071396088	0.1260799472979014	2462539
0.9733826067211675	0.1487925633187682	2509220
0.9793815321100934	0.11634173425834154	2426866
0.9797397725204762	0.10338545355936393	2417892
0.9778728181818221	0.12908082683390795	2487240
0.9781483219021526	0.11855751921037924	2438596
0.9790799776386443	0.14215180563615876	2558338
0.9800701198156716	0.10868669548223024	2406696
0.9783625319343111	0.13938465557301516	2505870
0.9778110978309036	0.13497341072704597	2561832
0.9782304489235026	0.12300898300660965	2445630
0.9765367670863353	0.12513776556446057	2456384
0.9743613190324089	0.13191711051451138	2452524
0.9996889362600274	0.0024152223866393814	2414960
0.9788683730158751	0.08158637520402316	2402275
0.9804384772929678	0.10589355914988653	2467899
0.9773683933274836	0.11821791123875297	2528086
0.9590410927456382	0.22371778683617588	2628783
0.9781473080438775	0.11629083203543368	2432358
0.9836383333333367	0.09648878311199449	2492336
0.9773453939666842	0.11080575805145379	2454916
0.9788673061407458	0.0832676493310269	2409602
0.9790291418408247	0.09544930569823615	2448764
0.9773472933696679	0.10108841384562128	2417178
0.9765885988651274	0.12591101940246735	2550350
0.980506188360732	0.11834352032891808	2523206
0.9785727958910271	0.0886725613010402	2419432
0.9832268555363338	0.097915483755816	2509550
0.9772265603951539	0.1115534447952736	2462539
0.9753378663697141	0.1263191884674131	2509220
0.9769382083520449	0.09629492938216404	2426866
0.9777341205578085	0.09421763377962106	2417892
1.0	-0.0	2487240
0.9997641919191943	0.010493731146459441	2438596
0.9779857868925597	0.13854093787303803	2558338
0.9843419786096281	0.06879127129527339	2406696
0.9936339739130451	0.0738557026061045	2505870
0.978187416812612	0.12276581939920825	2561832
0.9996487858347407	0.014994507254713671	2445630
0.997959059652032	0.017264227212822735	2456384
0.9758062905375438	0.1020810660579309	2452524
0.9755034263845149	0.09497117292201362	2414960
0.981058881118887	0.07068615966466837	2402275
0.9727768557391726	0.12282941831504024	2467899
0.9741005626373674	0.12596527895424497	2528086
0.9588916550764959	0.23413007198544342	2628783
0.9730824475843209	0.11994352719798786	2432358
0.9731288188976395	0.10739838477924216	2492336
0.982024760850319	0.09251298004738165	2454916
0.9812438410301992	0.07325335614157358	2409602
0.978789108954572	0.09042628708347011	2448764
0.9733349771480858	0.11254945248075593	2417178
0.9742379903888181	0.13239643494824804	2550350
0.9728520460704637	0.14599172819584008	2523206
0.9711056385869608	0.11131771590714358	2419432
0.9731340017361114	0.11494316752604519	2509550
0.9818514847547576	0.09274395656912063	2462539
1.0	-0.0	2509220
0.9718102163136556	0.10694705617523871	2426866
0.9725243031674222	0.10634595829908973	2417892
0.9743472711189779	0.10607630840278454	2487240
0.9745495720017859	0.09769216440056111	2438596
0.971968270342379	0.14551059937413857	2558338
0.9752087712058685	0.10829127433636446	2406696
0.9749483708370864	0.1308492302745602	2505870
0.973548770999118	0.1387432598952509	2561832
0.9745466502683395	0.10237491661943224	2445630
0.9731152472647753	0.10324507202845781	2456384
0.9967438210702403	0.022483816137405598	2452524
0.9839356896551733	0.06890739323007575	2414960
0.9776173128515818	0.06511329035355008	2402275
0.9817566165413563	0.10305525994359109	2467899
0.9820554364736421	0.09882787972192232	2528086
0.9582478525641038	0.22325978941589447	2628783
0.9790186531531561	0.10123773245466519	2432358
1.0	1.0432034692209191e-05	2492336
0.9761639076923113	0.09082412135158673	2454916
0.9776703829225379	0.0681169860992389	2409602
0.9773270502645509	0.09169146608022356	2448764
0.9759883009489386	0.0987853742269327	2417178
0.9813902192605363	0.10689334861642552	2550350
0.981676999563894	0.09911596993901388	2523206
0.978076684187477	0.07211371979390771	2419432
0.9992517570850216	0.015218634076049464	2509550
0.9759874507227371	0.08999750345506853	2462539
0.9735377689942935	0.11567482896100485	2509220
0.9777197020157801	0.07311693568029502	2426866
0.9788051734738729	0.06945067557813266	2417892
0.9832811933797921	0.08097440199126582	2487240
0.9837553788546264	0.07547369592488648	2438596
0.9796294595763141	0.10761620877388724	2558338
0.9823029388119725	0.07435892421964008	2406696
0.9821778328865082	0.11497382285864421	2505870
0.9773026689478221	0.1014740644467668	2561832
0.9835479613356788	0.0764797285814903	2445630
0.9823227037516219	0.0787926346757052	2456384
0.9737907029177767	0.10247441332938911	2452524
0.9784046150422809	0.08088167553029936	2414960
0.9778098247151641	0.07762420570964211	2402275
0.9813865209634292	0.10980597470186526	2467899
0.9999883133012822	0.0011832189879186787	2528086
0.9585902217194577	0.21141216091584542	2628783
0.9801067579703697	0.09669582314140779	2432358
0.9827552786177163	0.08573619996020192	2492336
0.9772493104982238	0.10294380032507937	2454916
0.9780445373665497	0.07912879278502272	2409602
0.9776099782324794	0.08119207740065582	2448764
0.9793320775746787	0.08068705801570414	2417178
1.0	2.587913581078849e-05	2550350
0.982704673188086	0.1178957803042575	2523206
0.9765654549489577	0.08680325498987462	2419432
0.982445290846881	0.09042250432558047	2509550
0.9770012904656336	0.10287103079534965	2462539
0.9743182973092221	0.11912743874208247	2509220
0.9784801785714315	0.08982575111691193	2426866
0.9793914222419174	0.07745199520519659	2417892
0.9768973187772946	0.0906075930888083	2487240
0.9779540989399309	0.08496146356235529	2438596
0.9805422322580692	0.10133778928846005	2558338
0.9824791591726635	0.08180057660987716	2406696
0.9777205019991153	0.11420506928086666	2505870
0.9779132563208408	0.11979162339267369	2561832
0.9773337522045876	0.0857630555964888	2445630
0.9761538754325287	0.08970586001665859	2456384
0.9745506200527759	0.10077801072823274	2452524
0.9793576825969387	0.09336839930379504	2414960
0.9761348093315391	0.1028059624696929	2402275
0.9809263886384169	0.11798210359997516	2467899
0.9769368472468946	0.13064023134838687	2528086
0.9598064694923147	0.23776097858744122	2628783
0.9813874189189215	0.09703852255856828	2432358
0.9785780297723325	0.10214780706000746	2492336
0.9740856876138462	0.12898734783129762	2454916
0.9763596581586167	0.10373320635516181	2409602
0.9767775658492327	0.1200574670919673	2448764
0.9775581466302389	0.10359087608038502	2417178
0.9757643072155864	0.14095326584243517	2550350
0.9823477390527287	0.12216622202419924	2523206
1.0	8.266437190435748e-06	2419432
0.9769347148454541	0.11225823193117966	2509550
0.9737059863636381	0.12970838940096252	2462539
0.9718852244897965	0.1491475130799949	2509220
0.9789205227882073	0.0900186832962757	2426866
0.9819924507658677	0.062250456969138376	2417892
0.9788983125556544	0.10749186677534235	2487240
0.9792580108010833	0.10120129397516457	2438596
0.9836618225108277	0.10443293153474378	2558338
0.9820106390639072	0.08269054972750978	2406696
0.9802022612612651	0.1247034922031834	2505870
0.9887196396396428	0.0913275503239791	2561832
0.9791628693693727	0.10487837455321296	2445630
0.978095952170067	0.10718202132850047	2456384
0.9720812988192591	0.13024072755919083	2452524
0.9783362931034515	0.10380020292156772	2414960
1.0	1.99812592445639e-05	2402275
0.9768071565934092	0.14339204712620413	2467899
0.9770925629496422	0.14616431020260215	2528086
0.9606274590547488	0.24528675925002466	2628783
0.977984440850277	0.13084870788651792	2432358
0.9769785469710304	0.11053061652911875	2492336
0.981579566591427	0.11281719053887478	2454916
0.9997970448662646	0.02479359535143472	2409602
0.9811907043517318	0.10837012671060123	2448764
0.9770283836507216	0.12770284467184304	2417178
0.9759187700534792	0.15093933136988663	2550350
0.9772538891433817	0.1569018107965629	2523206
0.974833923182444	0.12161187572473879	2419432
0.9765187954939363	0.1137473316114982	2509550
0.9814094382022519	0.11153673051095184	2462539
0.9807109611086338	0.12797848882411675	2509220
0.9758162942779309	0.11135214687316078	2426866
0.9762679357798183	0.11745062001747346	2417892
0.9773396026785768	0.1152404587101199	2487240
0.9779493203443618	0.11216280175542932	2438596
0.9775451347708931	0.15165278168112892	2558338
0.9790022079116852	0.11058396793056381	2406696
0.9780442572882934	0.15745090782081156	2505870
0.9770066890982511	0.15229003932550192	2561832
0.9777824478694523	0.11601711606857347	2445630
0.975809539007097	0.11724400459084584	2456384
0.9806310648769622	0.11150388406756967	2452524
0.984386362416112	0.07834965017016202	2414960
0.979189780760629	0.0963241822243621	2402275
0.985567736351534	0.10061244485160654	2467899
0.9811266502463102	0.13346736004058035	2528086
0.9599946132596675	0.22546324973605986	2628783
0.9832427367941746	0.10689422989829217	2432358
0.9815125022143525	0.10903402147504188	2492336
0.9770039900587462	0.11678168732067239	2454916
0.9791479963652889	0.0973390221365493	2409602
0.9798711256781242	0.11154486479939534	2448764
0.9793638500459997	0.1116899942616926	2417178
0.9798732739420979	0.14111242476869965	2550350
0.9860093142857199	0.10066939022601538	2523206
0.9813433797127513	0.09045413988525881	2419432
0.9817590529124111	0.11770664170194857	2509550
0.9769824763193524	0.11767288008097591	2462539
0.9754000364132943	0.14824164701476109	2509220
0.980315033647378	0.09169700988745308	2426866
0.9822613589164817	0.0920879759840094	2417892
0.9837712144128131	0.10021508450580884	2487240
0.9843798748323667	0.08741202866090844	2438596
0.9824377856197672	0.123389442003685	2558338
1.0	-0.0	2406696
0.9836118868758332	0.1013337695783862	2505870
0.9803543024263475	0.10997158217138782	2561832
0.9843028214285744	0.08972938166393432	2445630
0.9830100307017575	0.09198425050398724	2456384
0.9757551551094925	0.12804408080284155	2452524
0.9997758234797315	0.002954679253160984	2414960
0.9785174944958192	0.0805748366927929	2402275
0.9802577298978262	0.10396420200859433	2467899
0.9772204120999605	0.11738166367427136	2528086
0.9590753835553517	0.22383855222034685	2628783
0.9782557377798096	0.11551661122051493	2432358
0.9833218476357308	0.09468136059534717	2492336
0.9770941707865195	0.10938346932591625	2454916
0.978445888143178	0.08203690966538385	2409602
0.9786158093126445	0.09352642884747268	2448764
0.9776061640091155	0.10411787767773088	2417178
0.9765567336244568	0.1262520528130071	2550350
0.9804727916295668	0.12071391718814843	2523206
0.9783563883928607	0.08865863305658007	2419432
0.9821401900647965	0.09838545241053134	2509550
0.9769055759749029	0.10981792799404726	2462539
0.9749756236129639	0.12359451916165205	2509220
0.9769409429726101	0.09621323611175457	2426866
0.9776825078793367	0.09468106507522601	2417892
0.9989899875724961	0.012366796451196765	2487240
1.0	1.2302168318373876e-06	2438596
0.9778977469825707	0.14139306591566514	2558338
0.9844539982110937	0.07218645430077314	2406696
0.9937087984327398	0.07538390437577563	2505870
0.9782648070175463	0.12435621089035404	2561832
0.9995952770780874	0.010875149194655665	2445630
0.9978530876904095	0.012484222907464768	2456384
0.9748296248896781	0.10095905816842254	2452524
0.9778471363842342	0.09935897278895352	2414960
0.9819499736611123	0.07468918738361144	2402275
0.9755729329102498	0.1343957722360943	2467899
0.9768303646064945	0.13258591267579029	2528086
0.9607321735117691	0.22741950400024166	2628783
0.975462962454212	0.12244309128006188	2432358
0.9761272914837598	0.10740090374597044	2492336
1.0	1.6293849804482348e-06	2454916
0.9818938001784151	0.07718853426212856	2409602
0.9813819479353735	0.10386104897473512	2448764
0.9761739945528849	0.1031426312013913	2417178
0.9766403532008832	0.1392456450564988	2550350
0.9767300364630851	0.14954762328835536	2523206
0.9734840054619973	0.11500666371421782	2419432
0.974984556907039	0.1119172953860468	2509550
0.9999072343943782	0.005890161464218106	2462539
0.9820312831858473	0.11350327131747642	2509220
0.9745722080872353	0.11185377515842582	2426866
0.9747679463880073	0.10716315076946734	2417892
0.976931218750004	0.11284565546730481	2487240
0.9775429268292715	0.10700185185859902	2438596
0.9757459964173797	0.14800940995770953	2558338
0.9777386978221412	0.09544604875253368	2406696
0.9770572303473534	0.14376782665234836	2505870
0.9755760590048452	0.13253717907098067	2561832
0.9774664954954996	0.10796498235009282	2445630
0.9761494235033312	0.11123373967926532	2456384
0.9824867054090378	0.10179895479894678	2452524
0.984302786157942	0.07225852114272546	2414960
0.9776671993052568	0.06873652690861218	2402275
0.9816634618794351	0.10431637734590339	2467899
0.9823972948328294	0.10313724577157539	2528086
0.9582735593220352	0.22332684253699378	2628783
0.979231654643826	0.1022278978800545	2432358
0.9998395646817262	0.014714540965917011	2492336
0.9764794495816858	0.09295285726352583	2454916
0.9776622815534012	0.07076389231182637	2409602
0.9778890474080644	0.09517371901763193	2448764
0.9760105170068033	0.10273494964080883	2417178
0.9817397661325286	0.11287865840830673	2550350
0.9817687937062972	0.10126834341878033	2523206
0.97819047787611	0.08165825542136994	2419432
1.0	0.001859830463159763	2509550
0.9760907949055813	0.09281222758011837	2462539
0.97358828848699	0.12035343416026001	2509220
0.9779172987241567	0.07735308484031159	2426866
0.9791985253863178	0.0740668582762278	2417892
0.9836504334500888	0.08699632280644308	2487240
0.9839582810428636	0.07813279660452375	2438596
0.979863131796439	0.11423073178669692	2558338
0.982358894359895	0.07683629891926645	2406696
0.9819600991437611	0.12360901724101166	2505870
0.9773711827497903	0.10022705803098632	2561832
0.9838044517833575	0.07847509221175536	2445630
0.9826107028199619	0.08325132257113785	2456384
0.9738307616926546	0.10783709712831664	2452524
0.960147018691589	0.15032529715881718	2414960
0.961555657591141	0.1462875031884433	2402275
0.9587277777777786	0.17170005515094497	2467899
0.9589446596619458	0.17920262496772987	2528086
1.0	3.081321202301986e-05	2628783
0.9603324516737376	0.16743448404508154	2432358
0.9589039482200628	0.17749427624557934	2492336
0.9613641794514188	0.16388734195920532	2454916
0.9619130506091834	0.1479258205094348	2409602
0.9613505150812055	0.1588131331227166	2448764
0.9600166418950312	0.1442832994369567	2417178
0.9588814692585887	0.18278092671374904	2550350
0.9599968927078474	0.1881726058084066	2523206
0.9596445905474971	0.1577518630062663	2419432
0.9587547783933504	0.18218867998426766	2509550
0.9612632329782308	0.16336417950813786	2462539
0.9599195388914761	0.1898648546248094	2509220
0.959943138618449	0.14917179795612734	2426866
0.9601105876865655	0.15034131385918817	2417892
0.960552132591564	0.16943558696315794	2487240
0.9602163297624589	0.15754315632632787	2438596
0.9598534990706296	0.2013851576225924	2558338
0.9607832018561469	0.13783478109464076	2406696
0.9611864409881049	0.16217483748464379	2505870
0.9610463538873991	0.1635774362816921	2561832
0.9600043417366962	0.16237428678492513	2445630
0.9588849035812648	0.16623132199113616	2456384
0.9602989598880577	0.16968216088205693	2452524
0.9783784480431897	0.09166856355092626	2414960
0.9777066858152934	0.08628552464224357	2402275
0.9836079162956405	0.10541696464851089	2467899
0.9796038838318214	0.1030174291551667	2528086
0.9595828505535041	0.22899233937602384	2628783
0.9826716154873215	0.08502577954200262	2432358
0.9794918075422664	0.09157668575993375	2492336
0.9757169567177664	0.11795184436089588	2454916
0.97770491275168	0.0853383707698102	2409602
0.9784179497532559	0.10673379660508844	2448764
0.9781515542653005	0.08455392473391847	2417178
0.9783007984462708	0.11206955380435198	2550350
0.9836865915119413	0.10980548744730106	2523206
0.9835543747276733	0.060257190419196874	2419432
0.9781735438144354	0.09871786419540869	2509550
0.9753828307830805	0.11730886759473377	2462539
0.9722302013422848	0.1360672705665625	2509220
0.9812115154185073	0.0732207176642575	2426866
0.9816913449023903	0.05349058741392375	2417892
0.9764772968197923	0.10266414716490102	2487240
0.978085535154502	0.09824102564355237	2438596
1.0	-0.0	2558338
0.9829408705357153	0.07304648200931237	2406696
0.9785206870229034	0.12417511029305099	2505870
0.9834222407170322	0.09201083320951174	2561832
0.9778118998658962	0.09970650180172476	2445630
0.9764031079894693	0.10225121399038649	2456384
0.9725688105924635	0.11785155424509652	2452524
0.9780521189931378	0.10966471704968982	2414960
0.9779774855104815	0.09504110102865518	2402275
0.9809131569586523	0.10590385867215259	2467899
0.9785853179190784	0.12936080406784162	2528086
0.9596358906030859	0.24139998788257577	2628783
1.0	-0.0	2432358
0.9785088243182869	0.12239699184202371	2492336
0.9750052614824938	0.12496756263509831	2454916
0.9782633272644536	0.10056663245894361	2409602
0.976503334858191	0.12730871931689336	2448764
0.9824558667267028	0.08717279987410986	2417178
0.9776405937084662	0.1387164240431634	2550350
0.9832037669376741	0.13273748406124314	2523206
0.9801229995549673	0.08454761373963204	2419432
0.9782039722966975	0.12978510191493142	2509550
0.9751832772727288	0.12666879148873814	2462539
0.9726598504757603	0.14730057481638084	2509220
0.9793761874718386	0.09764392624232654	2426866
0.983207959092935	0.07604701227704469	2417892
0.9771045990031745	0.12755316424696936	2487240
0.9782473092736411	0.11708710963140659	2438596
0.9822738359788394	0.12465391130854793	2558338
0.98330004995459	0.08977821286378021	2406696
0.9772180383211713	0.1411266607362961	2505870
0.9791440523156131	0.10213166359292912	2561832
0.9777897350388322	0.12066574098296211	2445630
0.9762091129032306	0.12144637921722821	2456384
0.9736399358680746	0.13554088946210643	2452524
1.0	-0.0	2414960
0.9787520485651238	0.08265134679989164	2402275
0.9804301380231542	0.10594093112745365	2467899
0.9772122334357206	0.11810448261093395	2528086
0.9587749540863177	0.22429561484940375	2628783
0.9781656404391599	0.11714476617673938	2432358
0.983220232456144	0.09652934324490994	2492336
0.9772577037370584	0.1106348847156506	2454916
0.9787661748878939	0.08372159015689123	2409602
0.9789327491103272	0.09585218858086633	2448764
0.977412031818186	0.10224954953550221	2417178
0.9764144167758876	0.12708661888584596	2550350
0.980004328291818	0.12029430646275552	2523206
0.9781419919607007	0.08933036656004091	2419432
0.9820762770562792	0.10033115943178363	2509550
0.9772983557951527	0.11177950046280456	2462539
0.9751632383073527	0.1264395918167077	2509220
0.9768631174089086	0.0978080468756001	2426866
0.9776457695769613	0.09472130976301135	2417892
0.9982640670252403	0.011944386820707406	2487240
0.9995836294736862	0.011039832002671508	2438596
0.9779965281501389	0.1408122530032042	2558338
0.9842746363230722	0.07048295165405974	2406696
0.992919847428075	0.07815264018006679	2505870
0.9781778562034219	0.12406549851559354	2561832
0.9994051222596978	0.015271480633160616	2445630
0.9977035196687389	0.017064505347958673	2456384
0.9756610137839082	0.10297800105498367	2452524
0.9789376333482789	0.08683563818748179	2414960
0.981787532923623	0.0741915190788096	2402275
0.9781548068283958	0.11917152353916122	2467899
0.9770127050610856	0.11310053163786918	2528086
0.9603832905002305	0.22297925917517947	2628783
0.976574142988086	0.12144195924012562	2432358
0.976671754923416	0.10542013037658883	2492336
0.9809129082774104	0.10343266097151756	2454916
0.981444248220645	0.0744386728206661	2409602
1.0	4.492072207174734e-06	2448764
0.9761536522539112	0.11561992287531436	2417178
0.9763775737847254	0.12199328647876419	2550350
0.9788160107816726	0.1323517280941948	2523206
0.9762292691783986	0.10709329947442416	2419432
0.9756665508253739	0.11320402406399252	2509550
0.9804322919448191	0.1022643705203014	2462539
0.9786449142102992	0.11222779908998678	2509220
0.9753413012156723	0.1011935787595731	2426866
0.9761211222171762	0.10569289503879915	2417892
0.9774119237511005	0.0941804923631785	2487240
0.9785295511111151	0.0896985219884302	2438596
0.9778708092485571	0.13779082886724933	2558338
0.979686375960238	0.0889075366597013	2406696
0.9783520922939097	0.12214279021764611	2505870
0.9781007920354013	0.1336354288162599	2561832
0.978179875500225	0.09369497750780431	2445630
0.976917783101047	0.09576682795399326	2456384
0.979390119152701	0.09495854372218306	2452524
0.9808967130044876	0.08521317977226517	2414960
0.9775220115709851	0.09347602205245842	2402275
0.9849047024866818	0.098672198342495	2467899
0.9821345119787066	0.12326112390940526	2528086
0.958854148250459	0.22744472489768564	2628783
0.9833192986425361	0.09975594029344607	2432358
0.9816563624511113	0.08979873930197775	2492336
0.9765433514739258	0.1215146159222778	2454916
0.9775348328816638	0.0941671906688385	2409602
0.9792488883888414	0.10824250616677285	2448764
0.9785228898033864	0.10674428927338606	2417178
0.9811108174989003	0.1315373893855528	2550350
1.0	-0.0	2523206
0.9815556711111142	0.08185951473211409	2419432
0.9818853574542327	0.09759530995712068	2509550
0.976502241379312	0.12377034833923499	2462539
0.9734720964833211	0.1414166631231667	2509220
0.9813644484144741	0.0858159802063351	2426866
0.98422303500222	0.0725015191947561	2417892
0.9808510507569026	0.10482393536049633	2487240
0.9808666994193852	0.09169685607267154	2438596
0.9832527169646785	0.1109084197838438	2558338
0.9863758461538488	0.05295830580052072	2406696
0.9815164247551231	0.11154374464695421	2505870
0.9811368645161322	0.10238183294216496	2561832
0.980461469405986	0.09526064993824716	2445630
0.9794311491228097	0.09698079786994847	2456384
0.9742092934782622	0.12363058483211384	2452524
0.9779052890695629	0.09672331497696378	2414960
0.9763305456965415	0.09103823012659779	2402275
0.9818269573033719	0.11057496410035084	2467899
0.978137142857147	0.11783075352714431	2528086
0.9592225867653856	0.23201267538695886	2628783
0.9838496477931375	0.08396141598899995	2432358
0.9786661346742488	0.0990721303601569	2492336
0.974380522522526	0.11694123022719168	2454916
0.9762927457168639	0.09287533834642879	2409602
0.9760288070492587	0.11577494630621418	2448764
0.9784747830018107	0.09523508478777229	2417178
0.9772239894783019	0.1284552379847124	2550350
0.9840603675819352	0.11184070931189823	2523206
0.9812969795741009	0.05932277234466765	2419432
0.9774668177892955	0.10306362271721393	2509550
0.9741017551755178	0.11679071070195375	2462539
0.9723430170863326	0.139530015256375	2509220
0.9811980440528669	0.0719376028608708	2426866
1.0	-0.0	2417892
0.9766767823765046	0.10952242846711747	2487240
0.978034158013547	0.10539989768521503	2438596
0.9813342416452476	0.0961221800187104	2558338
0.9826095040577127	0.08297835443218206	2406696
0.9784894653375639	0.13366031284458857	2505870
0.9825499190455929	0.09049502303102328	2561832
0.9779789620938668	0.10840793513915839	2445630
0.9761664051418487	0.11130384436520996	2456384
0.9727072252252282	0.11974624881632938	2452524
0.9783323418881793	0.10967069350723502	2414960
0.9773934965986425	0.11239056324578811	2402275
0.9804105194218644	0.12126519533048583	2467899
0.9767843069977463	0.14663328674351434	2528086
0.9603023388581933	0.22601383459007982	2628783
0.9798385727069375	0.0935178286981078	2432358
0.9779385162150176	0.11664374281147623	2492336
0.9751228054919943	0.1324739076879264	2454916
0.9775688658367934	0.11408539020042315	2409602
0.9784321011494281	0.13054714848422216	2448764
0.9764962923923024	0.11142255003172069	2417178
0.9758294115004534	0.15518117171148874	2550350
0.9816136794986623	0.12468906331573143	2523206
0.9880020577777828	0.07346150277810068	2419432
0.9779044078361548	0.12338353515658308	2509550
0.9750447214611877	0.13253388332028274	2462539
0.9733187505741857	0.16016088948889254	2509220
0.9787154614695375	0.0924113398222543	2426866
0.9821917250554376	0.07449180999325201	2417892
0.9778056810933956	0.13123216417350334	2487240
0.9782305388127869	0.11655285436552905	2438596
0.98352372918493	0.11586988621673622	2558338
0.9808904729729759	0.08426011714296873	2406696
0.9782760426110636	0.13330821781827737	2505870
1.0	-0.0	2561832
0.9782957398076071	0.12241132593116243	2445630
0.9768663746630761	0.1244097484946518	2456384
0.9739198248847957	0.14211857097801997	2452524
0.9940343755496954	0.05019663589579861	2414960
0.979146462370439	0.10356649261809511	2402275
0.9798545026881753	0.11332740663270884	2467899
0.9772948431285949	0.1259395157819054	2528086
0.9601521004979638	0.20881693409265067	2628783
0.9777664576659059	0.11827253525139528	2432358
0.981750316540351	0.1158832414540919	2492336
0.977610607583375	0.12660921907289116	2454916
0.9792293761467912	0.1064770219273067	2409602
0.9791077172444915	0.10790063647547188	2448764
0.9781380681818219	0.10150880181829293	2417178
0.9763538793483074	0.13447595205515295	2550350
0.9810559181858636	0.11907247350167822	2523206
0.9789735288849131	0.09185614586182544	2419432
0.9817990463337855	0.12858863658380398	2509550
0.9773067622950852	0.12746103479059312	2462539
0.9757867971210128	0.1362422846146005	2509220
0.9785834542157772	0.10488916982720436	2426866
0.9787294272727309	0.1033353531570341	2417892
0.9936355260869589	0.06702813093630505	2487240
0.993733496076725	0.05316747756550054	2438596
0.9787301530153067	0.14710069777982285	2558338
0.9838937289636875	0.06392890907556985	2406696
1.0	-0.0	2505870
0.9785870244328131	0.11951131616762366	2561832
0.9934573895933558	0.059161758342908335	2445630
0.992051000429372	0.06177541937564278	2456384
0.9761236792452868	0.11451276677904809	2452524
0.9997864312896424	0.004647080679032097	2414960
0.9784353720827853	0.08102395976817892	2402275
0.9802489328590509	0.10572790395229378	2467899
0.977097300613501	0.11763285123841684	2528086
0.9592099632352947	0.22519394461411207	2628783
0.9783556232813941	0.11867057371667195	2432358
0.9832745498251779	0.09488821562576681	2492336
0.9770556269662954	0.10999764700606353	2454916
0.9785073061407459	0.08378208127075695	2409602
0.9782106545776259	0.09534572332328485	2448764
0.9774149726526935	0.10542896090869266	2417178
0.9763425370531853	0.12648314536251584	2550350
0.9804225800711767	0.12084536745696164	2523206
0.9782446270656585	0.08968219880659617	2419432
0.982093054954566	0.10042829789092166	2509550
0.976879341692794	0.11073954670054595	2462539
0.9745845139813616	0.12470255466116088	2509220
0.9769788719101145	0.09753554332347084	2426866
0.9776979918772595	0.09725651274935453	2417892
0.9989744877644153	0.014276218476873319	2487240
0.9997828271812098	0.007935758481414557	2438596
0.9779096508504972	0.14326403694070616	2558338
0.9842520946851293	0.07215505407305627	2406696
0.9936449408672815	0.08182432434368711	2505870
0.9782629986847905	0.1246776741721655	2561832
0.9996540613187755	0.01217337359999975	2445630
1.0	1.6284112161249623e-06	2456384
0.9747825968309904	0.1000017623282019	2452524
0.9761679910112403	0.09287553394137357	2414960
0.981398051033882	0.07629848774109023	2402275
0.9732250630063045	0.12704066524954913	2467899
0.974351266548989	0.12843395666047674	2528086
0.9590659164733193	0.23417380835345009	2628783
0.973503562528843	0.13057353774783403	2432358
0.9737308584070827	0.11761282912667635	2492336
0.9822428264758575	0.10162812470128874	2454916
0.9815335727029478	0.077278629477996	2409602
0.9795924347056297	0.09422203183426932	2448764
0.973685496567513	0.11340416688891576	2417178
0.9743726862401415	0.13597392625647695	2550350
0.9734825759637231	0.14808614305245146	2523206
0.9714510655737744	0.11628857794696083	2419432
0.9735879113646345	0.12400962506611701	2509550
0.9819416807846694	0.10143984784328867	2462539
0.9972886231579005	0.045589596813025116	2509220
0.9720829656419533	0.10819480310522525	2426866
0.9726592178262853	0.11002236711127325	2417892
0.9748710092551832	0.10230694960456665	2487240
0.9754266696468513	0.09902561476282883	2438596
0.9721288888888932	0.15635988358811104	2558338
0.9758483998165985	0.10758728566098504	2406696
0.9754056230319417	0.13009257747512074	2505870
0.9740919911111128	0.14295813419679224	2561832
0.9754473552983126	0.09723673987491767	2445630
0.9734537647058872	0.10082880270443087	2456384
1.0	-0.0	2452524
0.9777158733031696	0.0981256896958819	2414960
0.9818972042068421	0.07267008409732038	2402275
0.9754669366515883	0.13356074729188994	2467899
0.976703441241688	0.13028574263715603	2528086
0.9607157630244368	0.22648825595607178	2628783
0.9754126578225069	0.12161841705970235	2432358
0.9760459256017524	0.10606764487701986	2492336
0.9999018530747015	0.0014269819231378198	2454916
0.9818369158878535	0.07462460652766345	2409602
0.9813507516778582	0.10170055551129509	2448764
0.976141999091325	0.10371864799869111	2417178
0.9765734918538093	0.13738323997750881	2550350
0.9766578880291347	0.1484250809967837	2523206
0.9734000727272764	0.11409849393325538	2419432
0.9749029939341439	0.11067178121012564	2509550
1.0	3.045683424186029e-05	2462539
0.9819770954907225	0.1121871694513974	2509220
0.9745329582577152	0.11041355641546938	2426866
0.9746613786848093	0.1053388937225089	2417892
0.9769157524488021	0.11049695052469138	2487240
0.977482093862819	0.10577959465487746	2438596
0.9756467576028665	0.14658831994980226	2558338
0.9776419274376408	0.09502000578560714	2406696
0.9770920886654524	0.14340806378143608	2505870
0.9754987890797023	0.13253812908161552	2561832
0.9773524302430283	0.10680775733679436	2445630
0.9761017005300406	0.10938480856362764	2456384
0.9825263291703913	0.10062515896675624	2452524
0.9996875443787	0.004042910885181194	2414960
0.9784084527472547	0.07896102788291283	2402275
0.9802067170146619	0.10395983291257821	2467899
0.9768360374891063	0.11307887028238223	2528086
0.959084334862386	0.22305871981496359	2628783
0.978382248628886	0.11617580920943395	2432358
0.9831942482517518	0.09308208849852911	2492336
0.9771546639784978	0.10716327995737586	2454916
0.9784779901741859	0.08026630280007624	2409602
0.978463040780148	0.09360268630251695	2448764
0.9773747885402497	0.1030251600160473	2417178
0.976133872229468	0.12253403881567768	2550350
0.9804266622162914	0.12048741850871543	2523206
0.9783043048128383	0.08755706561240575	2419432
0.9820140025850949	0.09611157603759334	2509550
0.9769631336611573	0.10769127423045076	2462539
0.9744930261408982	0.12226883303921274	2509220
0.9769684536082495	0.09495415995315441	2426866
0.9777787122917635	0.09464401355487775	2417892
0.9989146951472436	0.013782550794394067	2487240
0.999563077568136	0.007352132680446632	2438596
0.9776913012477763	0.13907703225971835	2558338
0.9842962076648861	0.06967275264999018	2406696
0.9935058715596347	0.07920619800162519	2505870
0.9782577077865289	0.12236937346835146	2561832
1.0	0.0001521196153816165	2445630
0.9975526740832323	0.013866069011635137	2456384
0.9749941823761556	0.09556835637835932	2452524
0.9784698930957709	0.0818926380214475	2414960
0.9779715131578967	0.07852175905427643	2402275
0.9814946851272927	0.11032573533485744	2467899
1.0	-0.0	2528086
0.9587026437301958	0.21171394074146152	2628783
0.9800808797127527	0.09643509454708715	2432358
0.9829238398268454	0.08627595173722458	2492336
0.97741113434164	0.10306904351657611	2454916
0.9780398085485319	0.08023384451650356	2409602
0.9775586524204122	0.08194584011933342	2448764
0.9794491075412781	0.08175850889821096	2417178
0.9997391557148547	0.0088122469836256	2550350
0.9827024844167432	0.11945921559001893	2523206
0.9766090359840077	0.08786114881578218	2419432
0.9826187232219399	0.09193539949437327	2509550
0.9771143625055545	0.10407625207777142	2462539
0.9744511424790503	0.11941417574680183	2509220
0.978608999553375	0.09011895560655656	2426866
0.9794090598669659	0.07833075654441109	2417892
0.9770130174672507	0.0908203301007877	2487240
0.9783038468348841	0.08669736620759914	2438596
0.9805281352282561	0.10293039826669684	2558338
0.9824939163669084	0.0822583751588244	2406696
0.9778439198218302	0.11660262625594307	2505870
0.9778930745747965	0.12033521621613075	2561832
0.9775973400970466	0.08623342659007455	2445630
0.9761243284228796	0.08966049588093518	2456384
0.9743976506819233	0.10052326071494541	2452524
