#identity	query_cov	query_length
0.888001596719728	0.8492278568318895	2453172
0.8656229229277751	0.8502942592128974	2424563
0.8719094731754461	0.8389457866670144	2454304
0.8863261709319172	0.8461634279512867	2456581
0.9025549162011156	0.898307568381023	2402165
0.9801047932414412	0.9153794381374603	2467899
0.871301810132809	0.8378705081845078	2421404
0.8887493670288155	0.8839293037937145	2377327
0.8891951034151022	0.8793071251434813	2372261
0.9777617066783083	0.9266868512110726	2492336
0.9758839892183315	0.9172909271779559	2448764
0.8739590772946861	0.8181023645898785	2532067
0.8848479404704753	0.8919246174892049	2335555
0.8851043959731538	0.8949243881707435	2331778
0.9765156354810266	0.8932409277158038	2550350
0.9019581784386609	0.870204037198838	2480185
0.9817907716324741	0.9023864876668809	2523206
0.9765084396551736	0.9242832380307227	2509550
0.9742150809352534	0.9131895982155004	2462539
1.0	0.9998928659431546	2426866
0.9811831277533094	0.9520706466624647	2417892
0.9765099201773867	0.9209633971792026	2487240
0.9771162640323335	0.9250728697988515	2438596
0.9783645883361953	0.9227755762282617	2561832
0.8723063990384611	0.8289647521435808	2493258
0.901918014739753	0.9147718046918503	2352590
0.865390014478765	0.8283531429530926	2501310
0.8847969835907331	0.8693304166085631	2337782
0.9757621947994725	0.9211108686589718	2456384
0.9724797714029632	0.9163045906992143	2452524
0.8873181698389472	0.8402166664220854	2453172
0.8659935351089602	0.8514004379345886	2424563
0.8726968833652015	0.8471061449600376	2454304
0.88559447381067	0.850533322532414	2456581
0.9006174626168235	0.8951845522684745	2402165
0.9804384772929678	0.9174674490325576	2467899
0.8722879194956329	0.8509889303891461	2421404
0.8871656728483112	0.8795979686429338	2377327
0.8891204620622567	0.870886888078504	2372261
0.9836383333333367	0.9231239287158713	2492336
0.9790291418408247	0.9284345081845372	2448764
0.8736313840996166	0.8254370836158759	2532067
0.88490394379845	0.8834229979597997	2335555
0.8842985014409224	0.8940688178720273	2331778
0.9765885988651274	0.9028298076734566	2550350
0.9003299953205423	0.8639891782266242	2480185
0.980506188360732	0.9060532513001317	2523206
0.9832268555363338	0.9221936203701859	2509550
0.9772265603951539	0.9152878390961524	2462539
0.9769382083520449	0.9296351755721165	2426866
0.9777341205578085	0.9308099782785997	2417892
1.0	1.0	2487240
0.9997641919191943	0.9897945375125687	2438596
0.978187416812612	0.904193561482564	2561832
0.8732515314885517	0.8366466687362479	2493258
0.8999392860454352	0.9102312770180949	2352590
0.8661336517124942	0.8296172805449944	2501310
0.8843793143408977	0.8691516146501256	2337782
0.997959059652032	0.9848940556525364	2456384
0.9758062905375438	0.9253438498461177	2452524
0.8867869654841809	0.8544627119500793	2453172
0.8660518036750507	0.851649967437431	2424563
0.8728326333176031	0.8578163096340143	2454304
0.8860390000000004	0.8548230243578372	2456581
0.9025899102927294	0.8867292629773559	2402165
0.9849047024866818	0.9199262206435515	2467899
0.872802645783134	0.8566013767219349	2421404
0.8878250116550113	0.8940377154678343	2377327
0.8876641670690485	0.8757413286312088	2372261
0.9816563624511113	0.9311966765315752	2492336
0.9792488883888414	0.9164268177741914	2448764
0.8740220631881286	0.8249134007907374	2532067
0.8844767574021006	0.8968116785945953	2335555
0.8842913301204816	0.8911898988668733	2331778
0.9811108174989003	0.8936263650087243	2550350
0.9031983760292788	0.8821192773926139	2480185
1.0	1.0	2523206
0.9818853574542327	0.9237492777589608	2509550
0.976502241379312	0.9048445527157133	2462539
0.9813644484144741	0.9351909005276764	2426866
0.98422303500222	0.9449731418938481	2417892
0.9808510507569026	0.9180629935189206	2487240
0.9808666994193852	0.93017908665478	2438596
0.9811368645161322	0.9200396435051167	2561832
0.8736978508158528	0.8551381365265849	2493258
0.9015368276823067	0.908813265379858	2352590
0.8675223576850096	0.8423142273448713	2501310
0.8843023862002884	0.8759242735207988	2337782
0.9794311491228097	0.9266332136994867	2456384
0.9742092934782622	0.907101011040055	2452524
0.8802860590886339	0.816381403342285	2453172
1.0	0.9999888639726005	2424563
0.9353444380952383	0.8534146544193384	2454304
0.8808281485100172	0.8338450879494712	2456581
0.8656306728880135	0.8483451386561706	2402165
0.8656543125000009	0.8407961590000239	2467899
0.9329693339722088	0.8622051504003463	2421404
0.880323506809338	0.8607772510891434	2377327
0.8802202244997576	0.8652357392377988	2372261
0.8660851826923068	0.8309092353518948	2492336
0.8663049080348495	0.842965675744988	2448764
0.933181578192256	0.8292126551153662	2532067
0.8811789067055396	0.8815425027456001	2335555
0.8801500538951503	0.8747633779888137	2331778
0.8664405529075316	0.820947713058992	2550350
0.8650673802541534	0.8226495200962831	2480185
0.8664728280871669	0.8212052444390192	2523206
0.8657415004840293	0.8229395708393935	2509550
0.8670738194109138	0.8414749979594232	2462539
0.8661875413826674	0.8489863057952107	2426866
0.8670311165048551	0.8551374503079542	2417892
0.8663752864708717	0.838442611086988	2487240
0.8664442753271947	0.8480375593169184	2438596
0.8669285318559572	0.8477058604935843	2561832
0.9339851983002847	0.8458879907334098	2493258
0.8656655117731868	0.8728822276724801	2352590
0.9988540697674444	0.9407278586020925	2501310
0.8831060471834374	0.8705837413411516	2337782
0.865990142925203	0.8434137333576509	2456384
0.86702567919075	0.8431436348838992	2452524
0.8859364365041055	0.8476254416730665	2453172
0.8668703214971205	0.8561146895337428	2424563
0.8717121067683505	0.8474280284756901	2454304
0.8854704501915713	0.8518746176087822	2456581
0.9022517509363304	0.8938732351857596	2402165
0.9813865209634292	0.9130021123230732	2467899
0.871486390904693	0.8506990159428166	2421404
0.8873243942992884	0.8781530685513604	2377327
0.8873102266152371	0.8764056737433191	2372261
0.9827552786177163	0.9339418922649274	2492336
0.9776099782324794	0.9431333521727696	2448764
0.8739861445783147	0.8194178906008411	2532067
0.8839518309178734	0.8856237596631208	2335555
0.8845474749880899	0.8990276947462409	2331778
1.0	0.9999741211990512	2550350
0.9018719193324053	0.8704173277396646	2480185
0.982704673188086	0.9044311086768183	2523206
0.982445290846881	0.9298687015600406	2509550
0.9770012904656336	0.9234822270835101	2462539
0.9784801785714315	0.9341941417449501	2426866
0.9793914222419174	0.9449454318058871	2417892
0.9768973187772946	0.934976520158891	2487240
0.9779540989399309	0.9392543906411722	2438596
0.9779132563208408	0.9071410615528263	2561832
0.8728209108249901	0.8336790657043917	2493258
0.9016228175519634	0.9124301301969319	2352590
0.8662973560460665	0.8334920501657131	2501310
0.884138938814532	0.8775035482350365	2337782
0.9761538754325287	0.9365327245251557	2456384
0.9745506200527759	0.9277442341033156	2452524
0.8900238736532835	0.8354522226733389	2453172
0.9336999186602905	0.8651088876634676	2424563
0.978902102721691	0.926221038632541	2454304
0.8943752544837617	0.8445119456675761	2456581
0.8700778109696389	0.850483209937702	2402165
0.8720733810888255	0.8432152207201348	2467899
0.9851162119895813	0.9560345981091961	2421404
0.8948015480171996	0.8739765291018021	2377327
0.8899446324617664	0.8561005724075049	2372261
0.8718530487216591	0.8302315578637872	2492336
0.8717242208109447	0.8354737328709504	2448764
0.9747982413179054	0.8916632142830344	2532067
0.8919048911465883	0.8861889358203938	2335555
0.8950240222114925	0.8866547329977382	2331778
0.8714024578313255	0.8133722822357715	2550350
0.870153014218009	0.8495301761763739	2480185
0.8734305671077507	0.8418638826952695	2523206
0.8715200781250004	0.8181076288577633	2509550
0.8712858232151522	0.8367786256380102	2462539
0.8721630014641306	0.8474703588908493	2426866
0.8727418805093059	0.84833483050525	2417892
0.8726968299711833	0.8414467441823065	2487240
0.8723359073359074	0.8537027043429908	2438596
0.8730221773815099	0.8354954579379131	2561832
1.0	0.9999955881019934	2493258
0.8701246936806547	0.8699879707046276	2352590
0.9328072933396341	0.8508065773534668	2501310
0.894992805788981	0.8973287500716491	2337782
0.87255968779565	0.849789772283161	2456384
0.8710389520078358	0.8300444766289748	2452524
0.8806227872127884	0.8179940093886608	2453172
0.99940136265632	0.9676927347319909	2424563
0.9354441982922207	0.8566840130643962	2454304
0.8814784021369619	0.8376393857967639	2456581
0.8663012859230382	0.8549371088164218	2402165
0.8664790532825877	0.847665159716828	2467899
0.9330097780993729	0.8577783798160076	2421404
0.8802314870794727	0.8576994246058703	2377327
0.8801805732484087	0.861846567472972	2372261
0.8658755112818037	0.8336059022539497	2492336
0.8661636381228823	0.8445824097381373	2448764
0.932855333653388	0.8271388553304474	2532067
0.881614907226563	0.8775721402407565	2335555
0.8802993568973987	0.8745395144820819	2331778
0.866280377088306	0.8203975924873057	2550350
0.8672080170777973	0.8476299147039434	2480185
0.8686466252983295	0.8336136645204554	2523206
0.8657844283646906	0.8254400191269351	2509550
0.8668578671160336	0.8445766747247455	2462539
0.8664363636363633	0.850306527018797	2426866
0.8671048081593005	0.8550840980490444	2417892
0.8666489081289075	0.8394722664479504	2487240
0.86658256534366	0.8493805451989588	2438596
0.8665045535296875	0.8376486045923386	2561832
0.9336409727443621	0.8525218810087043	2493258
0.8660503491152568	0.8785325959899515	2352590
1.0	1.0	2501310
0.8830848511047059	0.8721574552289306	2337782
0.8658076085918865	0.8442206104582997	2456384
0.8672791963426362	0.8459130267430615	2452524
0.9369791352657015	0.8496383457825216	2453172
0.8801237927663728	0.8417248799061934	2424563
0.8941272627563173	0.8487106731684421	2454304
0.9609637725118474	0.8654056186219791	2456581
0.8855817553956812	0.8706004791510991	2402165
0.8877799478178383	0.851320495692895	2467899
0.896509521970064	0.8541965735581506	2421404
1.0	0.9999655074796189	2377327
0.9359412542537676	0.8710698359076003	2372261
0.8883026158940415	0.8453627440280925	2492336
0.8879900573065911	0.855904448121583	2448764
0.8941221870503606	0.8231602876227209	2532067
0.9358986167146964	0.8957977868215478	2335555
0.9660083247543282	0.9197908205669665	2331778
0.8863848629148635	0.8169188542749034	2550350
0.8849587440532838	0.8467428840993716	2480185
0.8888041079034553	0.8432062225597118	2523206
0.8882911047619045	0.8369504492837361	2509550
0.8872478049951978	0.8479008860367288	2462539
0.888741768642448	0.8651301719996077	2426866
0.8887357012488014	0.8658368529280878	2417892
0.8883806247019548	0.8489988903362764	2487240
0.8880253085824509	0.8553101866811886	2438596
0.8902747566063985	0.8463853211295667	2561832
0.8951936216730061	0.8357670967063978	2493258
0.8864289995324933	0.8970279564224961	2352590
0.8791639098481119	0.8170034901711504	2501310
0.9345710302457495	0.8869454038058296	2337782
0.8878296128423054	0.8518256917485214	2456384
0.8895744199424724	0.8499619167845045	2452524
0.88777636764706	0.8362344752019019	2453172
0.865907248062017	0.8511595697863904	2424563
0.8725582170172087	0.8474145827085805	2454304
0.8854448799231521	0.8513547894410972	2456581
0.9006572191011247	0.8937104653510479	2402165
0.9802577298978262	0.9194087764531693	2467899
0.8722921768707466	0.850034112440551	2421404
0.8871032446555814	0.8803336688642328	2377327
0.8891200097323596	0.8702587953011915	2372261
0.9833218476357308	0.9250915606884466	2492336
0.9786158093126445	0.9306143834195537	2448764
0.8734565152963668	0.8267198300834852	2532067
0.8847836711930175	0.8829366039335405	2335555
0.8840850673076931	0.8935794917011826	2331778
0.9765567336244568	0.9025514145117337	2550350
0.9001482221185252	0.8657221134713741	2480185
0.9804727916295668	0.9039388777610706	2523206
0.9821401900647965	0.9227801797134945	2509550
0.9769055759749029	0.9171789766578317	2462539
0.9769409429726101	0.9297085211956491	2426866
0.9776825078793367	0.9304278272147805	2417892
0.9989899875724961	0.9887079654556858	2487240
1.0	0.9999987697839249	2438596
0.9782648070175463	0.9026852658566213	2561832
0.8732474202760606	0.8376249068487898	2493258
0.8996844341801397	0.9135752511062276	2352590
0.86586877708233	0.8312376314811039	2501310
0.8842322887493961	0.8691674416177385	2337782
0.9978530876904095	0.9897182199525807	2456384
0.9748296248896781	0.9273108030747099	2452524
0.8862683128381708	0.832869851767426	2453172
0.866189008746355	0.8469443771929209	2424563
0.8719264223722273	0.838944971772038	2454304
0.884674389423077	0.8492408758351546	2456581
0.9008251462264154	0.8875572660495844	2402165
0.9781548068283958	0.9074796010695737	2467899
0.8713798729848553	0.8437509808359117	2421404
0.8874391623284421	0.8844996923014797	2377327
0.8868966114897753	0.8692656499432398	2372261
0.976671754923416	0.9214419725109295	2492336
1.0	0.9999955079378822	2448764
0.8727505288461532	0.8197002685947884	2532067
0.8837286337209292	0.8831061567807224	2335555
0.8836895085877858	0.8978817880604414	2331778
0.9763775737847254	0.9065696865136158	2550350
0.8999038095238093	0.8649358817991399	2480185
0.9788160107816726	0.8949923232585845	2523206
0.9756665508253739	0.9152393855472096	2509550
0.9804322919448191	0.9208089699290042	2462539
0.9753413012156723	0.9266069902499767	2426866
0.9761211222171762	0.9217103162589562	2417892
0.9774119237511005	0.9311513967289043	2487240
0.9785295511111151	0.9342658644564331	2438596
0.9781007920354013	0.8944977656614486	2561832
0.8719075035936744	0.828817555182817	2493258
0.9006257631822407	0.9114648111230601	2352590
0.8659657253384911	0.8264389459923001	2501310
0.8837124662162175	0.8688551798242949	2337782
0.976917783101047	0.930145693832886	2456384
0.979390119152701	0.9285478959635054	2452524
0.8876087469287485	0.8339089146623229	2453172
0.8661820310227832	0.8495827907957022	2424563
0.8726046010511223	0.8465230876044695	2454304
0.8854430639730654	0.8496117164465572	2456581
0.9006880769230784	0.8916514893856168	2402165
0.9802489328590509	0.9177968790456984	2467899
0.8723596600291382	0.8492391191226247	2421404
0.8873024928774924	0.8786368051176805	2377327
0.8890730893118597	0.8673860085378464	2372261
0.9832745498251779	0.9249447105045226	2492336
0.9782106545776259	0.9293076017125375	2448764
0.873532855093257	0.8256333659417385	2532067
0.8849107673627974	0.8809726167870163	2335555
0.8840497742555237	0.8931026023918229	2331778
0.9763425370531853	0.9025408277295274	2550350
0.900215572697521	0.8637049252374319	2480185
0.9804225800711767	0.9038663509836296	2523206
0.982093054954566	0.920941204598434	2509550
0.976879341692794	0.9163586850807236	2462539
0.9769788719101145	0.9284439272708094	2426866
0.9776979918772595	0.9280199446459975	2417892
0.9989744877644153	0.9868372171563661	2487240
0.9997828271812098	0.9923111495303035	2438596
0.9782629986847905	0.9023968004147033	2561832
0.8732637702573897	0.8352645414152887	2493258
0.8998479593721163	0.9122048465733511	2352590
0.8660420646406172	0.8293878007923848	2501310
0.884551545147272	0.8680651147112948	2337782
1.0	0.9999983715901097	2456384
0.9747825968309904	0.9282437195313888	2452524
0.8884254209245752	0.8418219350294232	2453172
0.8651592559960843	0.8420676220828248	2424563
0.8723458778625951	0.8457489373769509	2454304
0.8865577617675302	0.8517325502395402	2456581
0.9995957573112189	0.963047917191367	2402165
0.9033387686567176	0.8705169863110281	2467899
0.8709614771048744	0.8384470332088325	2421404
0.885590183356839	0.8815531056518519	2377327
0.8879962822384423	0.867430270109402	2372261
0.9019406252916473	0.862230052448787	2492336
0.9009632255039857	0.8731453908992455	2448764
0.8756295811518339	0.8301620770698406	2532067
0.8867090913484782	0.8854803248050249	2335555
0.886085688995215	0.8961749360359348	2331778
0.9008025023126729	0.8484270786362657	2550350
1.0	0.9995484207831271	2480185
0.9035772386679026	0.8644359596481619	2523206
0.9019086942226399	0.8520416010838596	2509550
0.9010105042816378	0.8602787610673374	2462539
0.9025043928738858	0.885090895006152	2426866
0.900822110004742	0.8793126409285443	2417892
0.9007345882352945	0.8626019202007044	2487240
0.900874881628788	0.8725594563429121	2438596
0.9021255721393066	0.8704813586527141	2561832
0.8721145584045568	0.8391466105794105	2493258
0.9899566216804556	0.9727445071176873	2352590
0.8669380200381692	0.8383870851673723	2501310
0.8871110465674523	0.8696512335196352	2337782
0.8998390078449466	0.87409501120346	2456384
0.8996433816651074	0.8723421259078402	2452524
0.8900558325219086	0.8409373659898287	2453172
0.9331749229287103	0.8606037459121499	2424563
0.974978824833706	0.9163934052179356	2454304
0.8933327042522706	0.8542087559905414	2456581
0.8734450733855189	0.8527191096365154	2402165
0.8741496287367401	0.8418663000390211	2467899
0.9728525559105486	0.9083515183752897	2421404
0.8949079645593873	0.8735087768741953	2377327
0.8894941973490428	0.8606793266002349	2372261
0.8733466345690901	0.8317702749549017	2492336
0.8729471463296066	0.8391682497782554	2448764
1.0	0.999982227958423	2532067
0.8906283728813554	0.8831712376715599	2335555
0.8937781465308094	0.8821204248431883	2331778
0.8738477681992332	0.8143972395945654	2550350
0.8753254769814888	0.8497749159840899	2480185
0.8745198895293	0.8282122030464417	2523206
0.8732954873294364	0.8195361718236337	2509550
0.8725517732558126	0.837690692411369	2462539
0.8744813096397277	0.8494185505091753	2426866
0.873885357492656	0.8491938432320385	2417892
0.8737784404990405	0.8427413518598929	2487240
0.8735669200968512	0.8512869700434185	2438596
0.8740648301886801	0.8314233720243951	2561832
0.9751119973486585	0.9059198847451808	2493258
0.8732040153698377	0.8751456904943062	2352590
0.9318360980297952	0.8371505331206448	2501310
0.8930389570552152	0.8886987751638091	2337782
0.8732691848341231	0.8492556538391391	2456384
0.872751488326848	0.8361121032862472	2452524
0.8869937716763014	0.8498857805323068	2453172
0.8666276711668284	0.854127114865648	2424563
0.8719521918465231	0.8415363377967847	2454304
0.8852347717443532	0.8501075274945137	2456581
0.9006587706855766	0.8850670124658381	2402165
0.9754669366515883	0.8969799817577624	2467899
0.8715242348927873	0.8458121816929351	2421404
0.8874528129462166	0.8780096301434342	2377327
0.8872688042430085	0.8776711331510318	2372261
0.9760459256017524	0.9214359540607687	2492336
0.9813507516778582	0.920465998356722	2448764
0.8724072661523615	0.8175395832732704	2532067
0.8846279348346909	0.8933816587492053	2335555
0.8847524928774938	0.9016171350788968	2331778
0.9765734918538093	0.8925453369145412	2550350
0.9000317278719397	0.8587831149692462	2480185
0.9766578880291347	0.8826679232690474	2523206
0.9749029939341439	0.91827857584029	2509550
1.0	0.9999695436295628	2462539
0.9745329582577152	0.9188644943725777	2426866
0.9746613786848093	0.9234175885440706	2417892
0.9769157524488021	0.9165468551486788	2487240
0.977482093862819	0.9203471997821697	2438596
0.9754987890797023	0.8978684004259452	2561832
0.871656132437622	0.8280350449091108	2493258
0.9003988336431231	0.9064928440569755	2352590
0.8661196209213067	0.8336499674170734	2501310
0.8843912302537096	0.8750961381343513	2337782
0.9761017005300406	0.9183319871811574	2456384
0.9825263291703913	0.920353888483864	2452524
0.9491197151134727	0.8503089061835044	2453172
0.8821814115308148	0.8281979061793816	2424563
0.8942934811635685	0.8444581437344355	2454304
0.9403878705939176	0.848616430722211	2456581
0.8857004047976027	0.8343943900606328	2402165
0.88381778543307	0.8177632066790416	2467899
0.8963899806295396	0.8529456464100993	2421404
0.9352358257101572	0.8678940675809428	2377327
0.94910416585839	0.8757780025047834	2372261
0.8843282692307679	0.8112132553556182	2492336
0.8833616050000007	0.8176990514398285	2448764
0.8923770359712252	0.8215047232162498	2532067
0.9553821274556783	0.8970672923566347	2335555
0.9386138176499277	0.8817245895621282	2331778
0.883599078498292	0.7999894132177936	2550350
0.8856402015732555	0.8172458909315232	2480185
0.8840095600593191	0.8051772229457286	2523206
0.8839923693379785	0.8021928234145564	2509550
0.8836375736738695	0.8282508419156002	2462539
0.8840258911632539	0.8289629505708185	2426866
0.8842192015968067	0.8339938260269689	2417892
0.883634189390184	0.814896431385793	2487240
0.8836591258741262	0.8244104394495849	2438596
0.8854678427612642	0.818683660755272	2561832
0.8950669296987088	0.8344936625090544	2493258
0.8864922791605686	0.8603194776820441	2352590
0.8814951515151515	0.8062583206399846	2501310
1.0	0.9999846007882686	2337782
0.8838415343137254	0.8202931626325526	2456384
0.8841861055776908	0.8173188111512875	2452524
0.9405223832450649	0.8541838892666311	2453172
0.8795310195121963	0.8438815572125781	2424563
0.8934774592074607	0.8646622423302085	2454304
1.0	0.9999975575810446	2456581
0.8856575372059522	0.86929457385317	2402165
0.8857373896535339	0.850401900564002	2467899
0.8962653439922489	0.8517830977399888	2421404
0.9607336355183619	0.8979643944648759	2377327
0.9406510989533817	0.8922922056215569	2372261
0.8851241384248222	0.8395990749240873	2492336
0.8848136192771086	0.8497976938569826	2448764
0.8934110321969714	0.8339652939673398	2532067
0.9411843406072108	0.905679806298717	2335555
0.9677386817325815	0.916102647850696	2331778
0.8851781861124219	0.8267951457643069	2550350
0.885616170212768	0.8521271598691227	2480185
0.8858351332064714	0.8393076110313625	2523206
0.8846987661406038	0.8350915502779382	2509550
0.8853012272291454	0.8497928357682863	2462539
0.8859625734939749	0.8589246377838744	2426866
0.8864838896952097	0.8607779007499095	2417892
0.8855290062111808	0.8475446679853975	2487240
0.885060306366684	0.8617397059619551	2438596
0.8875090841121486	0.8405035927414444	2561832
0.8949349237368928	0.8372374619874878	2493258
0.8863941643192484	0.8959933520077872	2352590
0.8796409883720928	0.8260055730797062	2501310
0.9404812699156526	0.9006365863027433	2337782
0.8850239310995759	0.8545080899403351	2456384
0.8868461342925672	0.8504699648199161	2452524
0.889420938558298	0.8473759687457708	2453172
0.8657202142161646	0.8458959408355238	2424563
0.8718929922405434	0.8353818434880113	2454304
0.8867070639960934	0.8371973079658273	2456581
0.9018939509665254	0.8879773038071906	2402165
0.9804105194218644	0.9034980767041114	2467899
0.8716703334968123	0.840056017087607	2421404
0.888347302884616	0.8722641016570291	2377327
0.8888812711454802	0.8749846665269968	2372261
0.9779385162150176	0.9099776274146022	2492336
0.9784321011494281	0.8969606707710502	2448764
0.8731617658536583	0.8092483334761679	2532067
0.8850881761006305	0.8849815140298558	2335555
0.8849816367168546	0.8840678658088377	2331778
0.9758294115004534	0.8774689748465897	2550350
0.9014695420560731	0.8651011920481738	2480185
0.9816136794986623	0.8993062793921701	2523206
0.9779044078361548	0.9038967145504174	2509550
0.9750447214611877	0.8982903417976325	2462539
0.9787154614695375	0.9315578198384253	2426866
0.9821917250554376	0.9450446918224635	2417892
0.9778056810933956	0.8969206831668838	2487240
0.9782305388127869	0.90978866528117	2438596
1.0	1.0	2561832
0.8727227562862699	0.823795612006459	2493258
0.9012404035250487	0.9102232008127213	2352590
0.8650393878550432	0.8169439213851941	2501310
0.8850474057971017	0.8680646869554133	2337782
0.9768663746630761	0.9039291088038353	2456384
0.9739198248847957	0.8907492852261588	2452524
0.8881743252427186	0.8440781975336421	2453172
0.8668023926676323	0.8534511167579477	2424563
0.8726183756588399	0.8462374669152639	2454304
0.8872214934751098	0.8462244884251731	2456581
0.9010560763071136	0.8892166025231406	2402165
0.9818269573033719	0.9118910457842886	2467899
0.8727394831789372	0.8454409094888751	2421404
0.8887888137996227	0.8839086924095844	2377327
0.8886021825205221	0.8758888672030607	2372261
0.9786661346742488	0.9254201680672269	2492336
0.9760288070492587	0.9125505765357543	2448764
0.874229395551257	0.8172121827739945	2532067
0.8858048130393092	0.8943129149174394	2335555
0.886117910305343	0.8991743639403065	2331778
0.9772239894783019	0.8999502029133256	2550350
0.9000299718837849	0.8617611186262315	2480185
0.9840603675819352	0.9086705564270218	2523206
0.9774668177892955	0.9228646570102209	2509550
0.9741017551755178	0.9134275639898495	2462539
0.9811980440528669	0.9484211324399452	2426866
1.0	1.0	2417892
0.9766767823765046	0.9176649619658738	2487240
0.978034158013547	0.9201770198917738	2438596
0.9825499190455929	0.9297022599452267	2561832
0.8729606698795183	0.827714580681181	2493258
0.9000849813258672	0.905179823088596	2352590
0.8666544267053703	0.8272161387432985	2501310
0.8845940355940356	0.8741897234216022	2337782
0.9761664051418487	0.9165106107188452	2456384
0.9727072252252282	0.9120375580422455	2452524
0.8881096280193232	0.8478129540040404	2453172
0.8655586418559706	0.8513917765799445	2424563
0.8720877130476627	0.8405103850215784	2454304
0.8854635161135164	0.8477180276164311	2456581
0.9018826847521056	0.8940826296278566	2402165
0.9817566165413563	0.9188398714858266	2467899
0.8711401699029134	0.8475764473834189	2421404
0.888058153701969	0.8866470620154484	2377327
0.8881750651859004	0.8763985075841149	2372261
1.0	0.9999895680197213	2492336
0.9773270502645509	0.9335530087832066	2448764
0.8734700865384608	0.8206860245009314	2532067
0.884547095535286	0.8914818961660077	2335555
0.8848509446564885	0.8979143812146783	2331778
0.9813902192605363	0.9156617719136589	2550350
0.9016755730858467	0.8693121682455139	2480185
0.981676999563894	0.9225414016929255	2523206
0.9992517570850216	0.9856340778227172	2509550
0.9759874507227371	0.9364192810753454	2462539
0.9777197020157801	0.9506734199580859	2426866
0.9788051734738729	0.9531070866688834	2417892
0.9832811933797921	0.9378978305270098	2487240
0.9837553788546264	0.9426165711745611	2438596
0.9773026689478221	0.9244880226338027	2561832
0.872577927411654	0.8329619317375098	2493258
0.9015722631094767	0.9145537471467616	2352590
0.8654076357520432	0.8313511719858794	2501310
0.885040556088206	0.8723460955726411	2337782
0.9823227037516219	0.9408634806284359	2456384
0.9737907029177767	0.9268944972607811	2452524
0.8884891832766179	0.8416853771362138	2453172
0.8656116389432488	0.8409717544976146	2424563
0.873002163714694	0.8411936744592357	2454304
0.8867249469623921	0.8478450334021146	2456581
0.9915453996447635	0.9442756846428118	2402165
0.9020824065420573	0.8669001446169393	2467899
0.871046020761244	0.8345146039240044	2421404
0.8864860412757957	0.8823935453557714	2377327
0.8877935912408761	0.8675849748404582	2372261
0.9016830621785882	0.8588589178987103	2492336
0.9010590231241156	0.8680918210166435	2448764
0.8730120097560993	0.8092696599260604	2532067
0.8865764268351962	0.8810299907302547	2335555
0.8860352522825574	0.8928727348829949	2331778
0.900166658900278	0.8405058129276374	2550350
0.9906347386912638	0.9207990532964275	2480185
0.9021339260312949	0.8425340618245201	2523206
0.9015540414507777	0.849467035922775	2509550
0.9008236359315608	0.8593139032518876	2462539
0.9021462264150943	0.8796781528110741	2426866
0.9002177433206096	0.8737937840068952	2417892
0.9004336432279366	0.85935494765282	2487240
0.9003406593927897	0.8706153048721478	2438596
0.9014584636363638	0.8659084592588429	2561832
0.8712952529182889	0.8169331051980983	2493258
1.0	0.9999353903570107	2352590
0.8657451535836191	0.8204652761952737	2501310
0.8869768572801547	0.8686635451894146	2337782
0.8992810124826625	0.8701294260180819	2456384
0.8995152592246618	0.8690830344575629	2452524
0.8902326825705938	0.8394943363123336	2453172
0.9354089193083601	0.8604160832281941	2424563
1.0	0.9999779978356389	2454304
0.8931857197330796	0.8555472015781282	2456581
0.871446655206289	0.8478801414557284	2402165
0.8716991942446058	0.8397693746786234	2467899
0.9811599139492805	0.9172992197914929	2421404
0.8942502711703145	0.8756241779107375	2377327
0.8894993356299208	0.8569242591772154	2372261
0.87140786129971	0.8252663364811165	2492336
0.8713303955078139	0.8350314689369821	2448764
0.9758184397482059	0.8819122874710661	2532067
0.8910886840832111	0.8852251392067411	2335555
0.893441652972449	0.8850833998776899	2331778
0.8708436231884054	0.8101037112553179	2550350
0.8709067247218195	0.8308573755586781	2480185
0.8728397353224259	0.8265167410033109	2523206
0.8714455783308925	0.8169345101711463	2509550
0.8716598926829291	0.8324400141479993	2462539
0.871874585174278	0.842618834332015	2426866
0.8723245303326835	0.8488394022561802	2417892
0.8721163446601968	0.8324182628133996	2487240
0.8716659396299898	0.8452703932918778	2438596
0.872210424728646	0.8301125913018497	2561832
0.9793504938271664	0.9072971990864964	2493258
0.8718898366170134	0.8728176180294909	2352590
0.9347498563906197	0.8395192918910491	2501310
0.8946455971896947	0.8908491039797551	2337782
0.8718593269689723	0.8410106074620255	2456384
0.870644760273973	0.8314242796400769	2452524
0.8883367574137099	0.8423946629098978	2453172
0.8650848507097398	0.8424829546602831	2424563
0.8726668620855356	0.8401799451086744	2454304
0.8858283630235908	0.8492876888651341	2456581
1.0	1.0	2402165
0.9026855399061046	0.8658255463452921	2467899
0.8706848639287482	0.8345877020108995	2421404
0.8854422442244206	0.8819577618055909	2377327
0.8880558548465651	0.8670213774959837	2372261
0.901964070961718	0.8627075161615448	2492336
0.9010954447058828	0.8715159974583095	2448764
0.8735168042739209	0.813944496729352	2532067
0.8864688124091136	0.884320857355104	2335555
0.8857822132317935	0.9026468214384045	2331778
0.9007430180806674	0.8468025957221558	2550350
0.998932794627384	0.9360406582573477	2480185
0.9030586811116371	0.8483144063544554	2523206
0.9017699766791047	0.8565416110458051	2509550
0.9009858226647711	0.8629142523225013	2462539
0.9026840643957063	0.8898736065361664	2426866
0.9010589087488245	0.886155791904684	2417892
0.9013744053678849	0.8765474984319969	2487240
0.901062195007066	0.8775668458408035	2438596
0.9021784367920285	0.8687653991362432	2561832
0.8715090237979587	0.8215234845330889	2493258
0.9906821818976855	0.9706986767775091	2352590
0.8656848881322965	0.8229555712806489	2501310
0.8872155651755659	0.8686164920424574	2337782
0.9002064743885555	0.8758960325421432	2456384
0.9002324988235292	0.8694508188299075	2452524
0.9607521544904617	0.8844222908136894	2453172
0.8800723784046676	0.8459248120176708	2424563
0.8897592975609765	0.8310836799353299	2454304
0.9401391916310042	0.8627112234442911	2456581
0.8871346543330089	0.8572583481983961	2402165
0.8866610808225736	0.8445268627281749	2467899
0.8912130473372781	0.8369578145571742	2421404
0.9345313750592709	0.8767338275298265	2377327
1.0	0.9999995784612232	2372261
0.8879202925659488	0.837230614170802	2492336
0.886963974671212	0.8407784498628696	2448764
0.8894435888671873	0.8107186737159798	2532067
0.9531761516587689	0.908999788058941	2335555
0.9372239806763284	0.891992719718601	2331778
0.8866199808429136	0.8208461583704197	2550350
0.8863928764478767	0.8340805222191087	2480185
0.8881468502415458	0.825656327703723	2523206
0.8877617123617121	0.8310302643900301	2509550
0.8869942267050903	0.8495134493301426	2462539
0.888996398651904	0.8600174051636967	2426866
0.8884339204269779	0.8576239137231936	2417892
0.8892636992263072	0.8371295090140075	2487240
0.8887809289883293	0.8480199262198412	2438596
0.8899083064143984	0.8511572968094707	2561832
0.8905883455702407	0.8170770935057664	2493258
0.8869783325324402	0.8774393328204234	2352590
0.879282188568637	0.8186354350320432	2501310
0.9484955875412936	0.8966541790466348	2337782
0.8883393483469095	0.8423670729006539	2456384
0.8880705606573202	0.8435640181298939	2452524
1.0	1.0	2453172
0.8793029709418839	0.820412998136159	2424563
0.8905162317429405	0.830116807045908	2454304
0.9415251073170737	0.8403415153011442	2456581
0.8880895170034512	0.8463968961332797	2402165
0.8872069756097564	0.8269868418440138	2467899
0.8921806927263725	0.8343279353631199	2421404
0.9371330287081342	0.8702711070037904	2377327
0.9606779820415849	0.8983286409041839	2372261
0.8878685527589559	0.8282262102702044	2492336
0.8860159752475244	0.8256312164014172	2448764
0.8900292333984392	0.8095978502938508	2532067
0.9542143306336384	0.9013836111759304	2335555
0.9394041838741404	0.8743310898378833	2331778
0.8862902756286279	0.8071021624482914	2550350
0.887826703937775	0.8273423151901975	2480185
0.8880827467185206	0.8206995386028727	2523206
0.8878156256109472	0.8172501046004264	2509550
0.887359524271846	0.8385182935173818	2462539
0.8879983714146821	0.8504383843195298	2426866
0.8880875960591125	0.8450422930387296	2417892
0.8880943768400392	0.8252090670783679	2487240
0.8879838014888327	0.8299870089182464	2438596
0.8898344199154541	0.8364596117153662	2561832
0.89136330087634	0.8172054396295931	2493258
0.8883570696324953	0.8697809648089977	2352590
0.8788316465863465	0.7966205708208899	2501310
0.9496440226095134	0.889751482388007	2337782
0.8873422454943979	0.8281152295406582	2456384
0.8870201673228332	0.8276069877399773	2452524
0.8869548630137	0.8373937905699234	2453172
0.8655766263895608	0.8529145252154718	2424563
0.872030670470756	0.850287087500163	2454304
0.8857504803073992	0.8509053843532943	2456581
0.9020559180790956	0.8887653429302317	2402165
1.0	0.9999923011436044	2467899
0.8718886829268298	0.8455577838311987	2421404
0.8875585503802295	0.8805704894614834	2377327
0.8866554523580371	0.878595989227155	2372261
0.9815512566607503	0.909796672679767	2492336
0.979640728836582	0.9108550272709007	2448764
0.8747563370139221	0.8211990441011237	2532067
0.8832283131947782	0.885717955689333	2335555
0.8839280145278435	0.8866337189904013	2331778
0.9802919217081895	0.8865681181014371	2550350
0.9019588584686788	0.8702217778109295	2480185
0.9854445965225196	0.9027142452895245	2523206
0.9815107397504496	0.9025510549700145	2509550
0.9763156438356185	0.8996629088920013	2462539
0.9803255330634313	0.927921442716656	2426866
0.9820873420577659	0.9290737551553171	2417892
0.9805627402771611	0.9142181695373185	2487240
0.9810282074206549	0.9289558418040544	2438596
0.9810317075306543	0.9040311776884666	2561832
0.8725774022878947	0.836036222484797	2493258
0.9016714547957817	0.9174008220726944	2352590
0.8657569679579156	0.8357548644510276	2501310
0.8841937835249037	0.8738607791487829	2337782
0.979724667839863	0.9231577798910919	2456384
0.9739034669068025	0.9110854776548568	2452524
0.8866010679133856	0.8322563603367396	2453172
0.8660273310646575	0.8474566344533014	2424563
0.8705485423728834	0.8360924319073758	2454304
0.8865268542568561	0.8487576839518013	2456581
0.8997483869441834	0.8851211303136962	2402165
0.9732250630063045	0.9049272275729274	2467899
0.8709322610837433	0.8362032936263424	2421404
0.8892249784791972	0.877500655147567	2377327
0.888225946210269	0.8657120780554922	2372261
0.9737308584070827	0.9130245681160165	2492336
0.9795924347056297	0.9290401198318825	2448764
0.8725114931906616	0.8115184155869494	2532067
0.8846727162293464	0.8804057279747212	2335555
0.8852087205387194	0.8923525309870837	2331778
0.9743726862401415	0.8958229262650225	2550350
0.8988293158388007	0.8626187159425608	2480185
0.9734825759637231	0.8858472118408088	2523206
0.9735879113646345	0.9073359765695045	2509550
0.9819416807846694	0.9201519244974394	2462539
0.9720829656419533	0.9232264987024418	2426866
0.9726592178262853	0.9209948169728011	2417892
0.9748710092551832	0.9260224184236342	2487240
0.9754266696468513	0.9285367481944529	2438596
0.9740919911111128	0.8898444550618464	2561832
0.8713073158914737	0.8206884325649412	2493258
0.8995210157699469	0.9081114856392316	2352590
0.8660651108968195	0.8294197840331666	2501310
0.8850126747572814	0.8640437816699761	2337782
0.9734537647058872	0.9287424116099111	2456384
1.0	1.0	2452524
0.8877282378640771	0.8438894622961619	2453172
0.8654939273607766	0.8500154460824487	2424563
0.8719848025048149	0.8405160892864127	2454304
0.8854789076034655	0.8480184451479515	2456581
0.9018511781206175	0.8944060878415929	2402165
0.9816634618794351	0.917768920040893	2467899
0.870895962944906	0.844444793186102	2421404
0.8877674223894648	0.8850696601687525	2377327
0.8882112729026035	0.8777423732042975	2372261
0.9998395646817262	0.9855513060839309	2492336
0.9778890474080644	0.929773142695662	2448764
0.8734036560693635	0.8192776889395107	2532067
0.8845065740297077	0.8930374150897752	2335555
0.8849303400383143	0.8948703521518773	2331778
0.9817397661325286	0.9098735467680906	2550350
0.9015767875406782	0.8679747680112572	2480185
0.9817687937062972	0.9204718124481315	2523206
1.0	0.9981418979498317	2509550
0.9760907949055813	0.9336883598594784	2462539
0.9779172987241567	0.9464634635781292	2426866
0.9791985253863178	0.9483364021221792	2417892
0.9836504334500888	0.9319169038773902	2487240
0.9839582810428636	0.9399195274658041	2438596
0.9773711827497903	0.9255766966764409	2561832
0.8722824904214577	0.8307684162649834	2493258
0.9013068066451334	0.9133563434342575	2352590
0.8653756909003378	0.8299147246842654	2501310
0.8848459232613902	0.8730980904121941	2337782
0.9826107028199619	0.936403265938876	2456384
0.9738307616926546	0.9218992352368417	2452524
0.9399321425061423	0.8365646599586168	2453172
0.8811644837758114	0.8385898819704829	2424563
0.8946408662175174	0.840932093171832	2454304
0.9679653554502389	0.8668144872894482	2456581
0.8858988369876079	0.8754602618887545	2402165
0.8848845033751203	0.8364276657999375	2467899
0.8970899313388911	0.8433945760393556	2421404
0.9664091589648794	0.9040010061720579	2377327
0.938074445520581	0.8765907292662991	2372261
0.884916095465395	0.8396351856250521	2492336
0.8843414995178384	0.8499741093874298	2448764
0.8936623538011678	0.8115602786182198	2532067
0.9393504841006156	0.9044813759470447	2335555
1.0	0.9995376918385884	2331778
0.8853942545109208	0.8228588232987629	2550350
0.8857855052430895	0.8446728772248845	2480185
0.8846984215638654	0.8217668315627024	2523206
0.8853082569674074	0.838424020242673	2509550
0.8856248489208631	0.8501558757038975	2462539
0.8854110949612414	0.8549998228167521	2426866
0.8865235308402154	0.8571263728901043	2417892
0.8850339800285321	0.8511695694826394	2487240
0.8845729040038584	0.8546762153304607	2438596
0.8867972164948446	0.8376739770601663	2561832
0.8961305732177265	0.8282596506258076	2493258
0.8865882586125541	0.8914324212888773	2352590
0.8806249311701079	0.8154794887478961	2501310
0.9383494338725049	0.8835554384455009	2337782
0.8845181437410763	0.8471142948333811	2456384
0.8859735645472051	0.8468088385679406	2452524
0.8919258883994127	0.8357294148147786	2453172
0.9329316884373504	0.8550852256674708	2424563
0.9811096703786252	0.9119774893411737	2454304
0.8964413665202546	0.8375384324799385	2456581
0.870462813121272	0.8392083807731775	2402165
0.871632945998072	0.8356756090909717	2467899
1.0	1.0	2421404
0.8963089712918646	0.8725825265098154	2377327
0.8906808807521029	0.8531721425256327	2372261
0.8709513729308653	0.8232076252961078	2492336
0.8714096747166098	0.8303817762757048	2448764
0.9728358919655065	0.8736111643175318	2532067
0.8930567123958842	0.8748301795504708	2335555
0.8965830559610696	0.8806344343243654	2331778
0.8711912773190882	0.8064069637500735	2550350
0.8704837782139333	0.8217741821678625	2480185
0.8729107400288347	0.8273529787104185	2523206
0.8707396509341184	0.8123277081548484	2509550
0.8717233822091889	0.831971798213145	2462539
0.8717892410714285	0.8341181589754029	2426866
0.872024726466241	0.8428813197611804	2417892
0.8725324453087027	0.8321870828709734	2487240
0.8718812445095155	0.8443087743931345	2438596
0.8726206572104	0.8297866526766783	2561832
0.9849631594827631	0.9305739718873859	2493258
0.8712094412050551	0.8642878699645922	2352590
0.932849222923752	0.8287733227788638	2501310
0.8961628826291095	0.8924266676704672	2337782
0.8718680634310428	0.8384267280685755	2456384
0.8711183448275868	0.8261668387342999	2452524
0.9534560047732701	0.862273008170646	2453172
0.8803459970958377	0.8503676745046427	2424563
0.8913968068833648	0.8469920596633506	2454304
0.9409136215957962	0.8587870703225337	2456581
0.8859845277507306	0.8574719055518668	2402165
0.8837383519146887	0.8364377958741424	2467899
0.8931301807523209	0.8446661523644959	2421404
0.935732165635414	0.8828251225010274	2377327
0.9528738231098463	0.8930851200605667	2372261
0.8845790366088636	0.834153179988573	2492336
0.8837630195121947	0.8395790692773987	2448764
0.8901123515210058	0.8182879836907949	2532067
1.0	0.9999807326310021	2335555
0.9383372116301221	0.9020288380797828	2331778
0.8833468711068516	0.816186405787441	2550350
0.8863997200772205	0.8337611912014627	2480185
0.8850821548821548	0.8301030514353565	2523206
0.8841395033751215	0.8295284015062462	2509550
0.8840001633829904	0.8488206684239316	2462539
0.8852137753134053	0.8598105540231723	2426866
0.8857481734496117	0.8601964024861325	2417892
0.8853062730806603	0.8329903829143951	2487240
0.8849540283896229	0.842680378381659	2438596
0.8860623370577281	0.8433402346445825	2561832
0.8925071244019147	0.8333016478840136	2493258
0.886281351480422	0.8807118962505154	2352590
0.8806332765335934	0.8219461002434724	2501310
0.9551509441052164	0.8994298869612308	2337782
0.8843796404602104	0.8396533278184518	2456384
0.8842963406326037	0.8381341018477291	2452524
